Date,Name,Year,Letterboxd URI
2020-11-20,The Skin I Live In,2011,https://boxd.it/99A
2020-11-20,Psycho,1960,https://boxd.it/2ab2
2020-11-20,Under the Skin,2013,https://boxd.it/3mDa
2020-11-20,Boyhood,2014,https://boxd.it/3178
2020-11-20,Uncut Gems,2019,https://boxd.it/gXGc
2020-11-20,Barry Lyndon,1975,https://boxd.it/25A2
2020-11-20,Melancholia,2011,https://boxd.it/bPI
2020-11-20,Enemy,2013,https://boxd.it/5xtO
2020-11-20,Full Metal Jacket,1987,https://boxd.it/2a1Q
2020-11-20,Good Will Hunting,1997,https://boxd.it/2ahY
2021-05-02,Insomnia,2002,https://boxd.it/2aB0
2021-05-02,The Favourite,2018,https://boxd.it/d2hI
2021-05-02,The Machinist,2004,https://boxd.it/248c
2021-05-02,Perfect Blue,1997,https://boxd.it/1W7A
2021-05-02,The Gold Rush,1925,https://boxd.it/29ce
2021-05-02,The Big Short,2015,https://boxd.it/ajZw
2021-05-02,Life of Pi,2012,https://boxd.it/37pC
2021-05-02,Lincoln,2012,https://boxd.it/2n2s
2021-05-02,The Artist,2011,https://boxd.it/2AwK
2021-05-02,Precious,2009,https://boxd.it/1v6K
2021-05-02,Babel,2006,https://boxd.it/292o
2021-05-02,Borat: Cultural Learnings of America for Make Benefit Glorious Nation of Kazakhstan,2006,https://boxd.it/2agQ
2021-05-02,The Last King of Scotland,2006,https://boxd.it/28FE
2021-05-02,Titanic,1997,https://boxd.it/2a2k
2021-05-02,Boyz n the Hood,1991,https://boxd.it/29Ug
2021-05-02,Terminator 2: Judgment Day,1991,https://boxd.it/2aGY
2021-05-02,Pretty Woman,1990,https://boxd.it/2b6M
2021-05-02,Amadeus,1984,https://boxd.it/2aH8
2021-05-02,Once Upon a Time in America,1984,https://boxd.it/2aCs
2021-05-02,Gandhi,1982,https://boxd.it/29Dk
2021-05-02,Das Boot,1981,https://boxd.it/2av2
2021-05-02,Grease,1978,https://boxd.it/29YW
2021-05-03,Nomadland,2020,https://boxd.it/lnRy
2021-05-03,Promising Young Woman,2020,https://boxd.it/loRE
2021-05-04,The Handmaiden,2016,https://boxd.it/948A
2021-06-05,Billy Elliot,2000,https://boxd.it/2bdy
2021-06-14,Stalker,1979,https://boxd.it/28PO
2021-06-14,Solaris,1972,https://boxd.it/2a2Y
2021-06-14,Vertigo,1958,https://boxd.it/2apI
2021-06-14,Lolita,1997,https://boxd.it/1XR0
2021-06-14,Singin' in the Rain,1952,https://boxd.it/29oY
2021-06-18,The Secret of Kells,2009,https://boxd.it/1sMI
2021-06-18,Gattaca,1997,https://boxd.it/29Du
2021-06-18,It's Such a Beautiful Day,2012,https://boxd.it/hCY2
2021-06-18,Ernest & Celestine,2012,https://boxd.it/493A
2021-06-18,Dr. Strangelove or: How I Learned to Stop Worrying and Love the Bomb,1964,https://boxd.it/29eY
2021-06-18,The King of Pigs,2011,https://boxd.it/3cvU
2021-06-18,"The Good, the Bad and the Ugly",1966,https://boxd.it/2ape
2021-06-21,Paprika,2006,https://boxd.it/23wW
2021-06-21,The Fountain,2006,https://boxd.it/28RU
2021-06-21,Gone with the Wind,1939,https://boxd.it/29Fq
2021-06-21,Seven Samurai,1954,https://boxd.it/2axi
2021-06-21,Breakfast at Tiffany's,1961,https://boxd.it/2aYS
2021-06-21,Lolita,1962,https://boxd.it/29Ag
2021-06-21,The Outsiders,1983,https://boxd.it/2aPw
2021-06-21,Tootsie,1982,https://boxd.it/1YkG
2021-06-21,The Color Purple,1985,https://boxd.it/29oO
2021-06-21,When Harry Met Sally...,1989,https://boxd.it/29W2
2021-06-21,The Thin Red Line,1998,https://boxd.it/1ZTM
2021-06-21,Spotlight,2015,https://boxd.it/a84k
2021-06-21,Hell or High Water,2016,https://boxd.it/bfGM
2021-06-23,12 Angry Men,1957,https://boxd.it/2auI
2021-06-23,Malcolm X,1992,https://boxd.it/27WE
2021-06-27,Hotel Rwanda,2004,https://boxd.it/2aSA
2021-06-28,Biutiful,2010,https://boxd.it/OiI
2021-06-30,Following,1998,https://boxd.it/1Tj4
2021-07-11,What We Do in the Shadows,2014,https://boxd.it/7eQy
2021-07-11,Boy,2010,https://boxd.it/13RS
2021-07-14,Zola,2020,https://boxd.it/jEWQ
2021-08-16,Shirley,2020,https://boxd.it/jY2o
2021-09-17,For a Few Dollars More,1965,https://boxd.it/29eu
2021-09-17,A Fistful of Dollars,1964,https://boxd.it/2auo
2021-09-25,Three Colors: Red,1994,https://boxd.it/2b7q
2021-09-25,Three Colors: White,1994,https://boxd.it/2b7A
2021-09-30,Songs My Brothers Taught Me,2015,https://boxd.it/9Thy
2021-09-30,Locke,2013,https://boxd.it/6hHC
2021-10-04,The Souvenir: Part II,2021,https://boxd.it/gXTK
2021-10-04,Blue Jasmine,2013,https://boxd.it/50MI
2021-10-04,The Tragedy of Macbeth,2021,https://boxd.it/lMi4
2021-10-27,The Last Duel,2021,https://boxd.it/mQbe
2021-11-01,The Exorcist,1973,https://boxd.it/1Yoo
2021-11-01,The Devil Wears Prada,2006,https://boxd.it/2awE
2021-11-01,Hugo,2011,https://boxd.it/R08
2021-11-01,Climax,2018,https://boxd.it/ikvo
2021-11-01,Harakiri,1962,https://boxd.it/1NTU
2021-11-01,Memories of Murder,2003,https://boxd.it/1TSo
2021-11-01,War and Peace,1965,https://boxd.it/1nRy
2021-11-01,Nightcrawler,2014,https://boxd.it/780m
2021-11-01,Krisha,2015,https://boxd.it/ax4E
2021-11-01,The Last Black Man in San Francisco,2019,https://boxd.it/iWAw
2021-11-01,Nobody Knows I'm Here,2020,https://boxd.it/q6k8
2021-11-01,You Were Never Really Here,2017,https://boxd.it/dWOS
2021-11-01,Happy Together,1997,https://boxd.it/1Ha0
2021-11-13,The Disaster Artist,2017,https://boxd.it/cTqc
2021-11-13,Mysteries of Lisbon,2010,https://boxd.it/mMU
2021-11-13,"20,000 Days on Earth",2014,https://boxd.it/7enQ
2021-11-13,The Souvenir,2019,https://boxd.it/gXU4
2021-11-13,Das Boot,1987,https://boxd.it/oLTO
2021-11-28,Dekalog,1989,https://boxd.it/bv4u
2021-11-28,Fantastic Planet,1973,https://boxd.it/1KnQ
2021-11-28,Persona,1966,https://boxd.it/29B4
2021-11-28,Paths of Glory,1957,https://boxd.it/29b6
2021-11-28,Ran,1985,https://boxd.it/1Tlu
2021-11-28,Fear and Loathing in Las Vegas,1998,https://boxd.it/27Xs
2021-12-05,The Humans,2021,https://boxd.it/lEQM
2021-12-11,Starlet,2012,https://boxd.it/3dvG
2022-01-04,The Lost Daughter,2021,https://boxd.it/kgww
2022-01-08,I Am Easy to Find,2019,https://boxd.it/lzSy
2022-01-08,The Card Counter,2021,https://boxd.it/nTH0
2022-02-13,Compartment No. 6,2021,https://boxd.it/lEty
2022-02-14,Volver,2006,https://boxd.it/2aQO
2022-02-14,Attica,2021,https://boxd.it/wp0o
2022-02-22,Tempestad,2016,https://boxd.it/99Q8
2022-02-22,The Tiniest Place,2011,https://boxd.it/2R4y
2022-02-28,Mulholland Drive,2001,https://boxd.it/297o
2022-02-28,Mirror,1975,https://boxd.it/28Q8
2022-03-25,Rosemary's Baby,1968,https://boxd.it/29zM
2022-03-28,Nitram,2021,https://boxd.it/u0rA
2022-03-28,Leviathan,2014,https://boxd.it/7Ub8
2022-03-28,"Three Billboards Outside Ebbing, Missouri",2017,https://boxd.it/ceBS
2022-03-28,The Thing,1982,https://boxd.it/294O
2022-03-28,Pig,2021,https://boxd.it/nzoW
2022-03-28,Saint Maud,2019,https://boxd.it/l8QA
2022-04-02,The Plague Dogs,1982,https://boxd.it/1m38
2022-04-02,Boy & the World,2013,https://boxd.it/6CM4
2022-04-15,Thelma,2017,https://boxd.it/e7Ce
2022-04-15,2046,2004,https://boxd.it/29tu
2022-04-15,Enter the Void,2009,https://boxd.it/1dy2
2022-04-15,Killers of the Flower Moon,,https://boxd.it/gHp0
2022-04-15,Men,2022,https://boxd.it/tlc0
2022-04-15,Disappointment Blvd.,,https://boxd.it/u2gE
2022-04-15,Mother,2009,https://boxd.it/1m9g
2022-04-15,The Act of Killing,2012,https://boxd.it/44Cg
2022-04-15,Suspiria,1977,https://boxd.it/1SNW
2022-04-15,A Brighter Summer Day,1991,https://boxd.it/1Luy
2022-04-15,The Human Condition I: No Greater Love,1959,https://boxd.it/1jAy
2022-04-15,Ikiru,1952,https://boxd.it/251c
2022-04-15,La Haine,1995,https://boxd.it/2as8
2022-04-15,Do the Right Thing,1989,https://boxd.it/29gA
2022-04-15,Macario,1960,https://boxd.it/41Va
2022-04-15,The Seventh Seal,1957,https://boxd.it/2ahO
2022-04-15,8Â½,1963,https://boxd.it/2aqm
2022-04-15,A Separation,2011,https://boxd.it/gvo
2022-04-15,Life Is Beautiful,1997,https://boxd.it/29Wm
2022-04-15,The Great Dictator,1940,https://boxd.it/29ic
2022-04-15,The Big City,1963,https://boxd.it/fI2
2022-04-15,The Hunchback of Notre Dame,1996,https://boxd.it/1VZQ
2022-04-15,While We're Young,2014,https://boxd.it/7oOs
2022-04-15,A Most Violent Year,2014,https://boxd.it/75Va
2022-04-15,Crazy Rich Asians,2018,https://boxd.it/gfnK
2022-07-18,Adaptation.,2002,https://boxd.it/26mA
2022-07-22,"I, Tonya",2017,https://boxd.it/dzR0
2022-07-22,Halloween,1978,https://boxd.it/2wRu
2022-07-22,Yi Yi,2000,https://boxd.it/1vCw
2022-07-22,Scenes from a Marriage,1974,https://boxd.it/4kJC
2022-07-22,Irma Vep,1996,https://boxd.it/1vYs
2022-07-26,The Bridge on the River Kwai,1957,https://boxd.it/29wo
2022-08-25,"Synecdoche, New York",2008,https://boxd.it/23zw
2022-08-25,The Wolves,2019,https://boxd.it/lzA0
2022-09-09,The Whale,2022,https://boxd.it/tw4c
2022-11-03,Primer,2004,https://boxd.it/6YA
